name,affiliation,country,year,indico_id
Aaron Angerami,Columbia University (US),US,2015,355454
Abhisek Sen,Iowa State University,,2015,355454
Adam Bzdak,Akademia Górniczo-Hutnicza im. Stanisława Staszica w Krakowie. NIP: 6750001923,,2015,355454
Adam Kisiel,Warsaw University of Technology (PL),PL,2015,355454
Adam Trzupek,Institute of Nuclear Physics Polish Academy of Sciences (PL),PL,2015,355454
Adam Tomasz Matyja,Polish Academy of Sciences (PL),PL,2015,355454
Akari Takeda,Nara Women's University,,2015,355454
Akihide Nobuhiro,Hiroshima University (JP),JP,2015,355454
Akihiko Monnai,RIKEN BNL Research Center,,2015,355454
Akira Ohnishi,Kyoto University,,2015,355454
Alan Dion,Stony Brook University,,2015,355454
Alberto Baldisseri,"CEA/IRFU, Centre d'etudes de Saclay Gif-sur-Yvette (FR)",FR,2015,355454
Aleksas Mazeliauskas,Stony Brook University,,2015,355454
Alessandro De Falco,Universita e INFN (IT),IT,2015,355454
Alexander Milov,Weizmann Institute of Science,,2015,355454
Alexander Nikolaev,Far Eastern Federal University,,2015,355454
Alexander Rothkopf,Heidelberg University,,2015,355454
Alexander Sorin,Joint Inst. for Nuclear Research (RU),RU,2015,355454
Alexander Philipp Kalweit,CERN,,2015,355454
Alexandre Alarcon Do Passo Suaide,Universidade de Sao Paulo (BR),BR,2015,355454
Alexandre Lebedev,Iowa State University,,2015,355454
Ali Hanks,UC Berkeley,,2015,355454
Alice Zimmermann,Ruprecht-Karls-Universitaet Heidelberg (DE),DE,2015,355454
AMAL SARKAR,Indian Institute of Technology Bombay,,2015,355454
Andre Mischke,Utrecht University,,2015,355454
Andrea Beraudo,"INFN, sezione di Torino (IT)",IT,2015,355454
Andrea Dainese,INFN - Padova (IT),IT,2015,355454
Andrea Dubla,Utrecht University,,2015,355454
Andreas Morsch,CERN,,2015,355454
Andrey Kotov,Institute for Theoretical and Experimental Physics,,2015,355454
Andrey Sadofyev,Massachusetts Inst. of Technology (US),US,2015,355454
Andrey Sadofyev,MIT,,2015,355454
Andrey Seryakov,St. Petersburg State University (RU),RU,2015,355454
Andriniaina Narindra Rasoanaivo,University of Cape Town,,2015,355454
Angela Badala,INFN - Sezione di Catania,,2015,355454
Anne Marie Sickles,Univ. Illinois at Urbana-Champaign (US),US,2015,355454
Annelies Marianne Veen,Utrecht University,,2015,355454
Anthony Frawley,Florida State University,,2015,355454
Anthony Robert Timmins,University of Houston (US),US,2015,355454
Antonio Ortiz Velasquez,Universidad Nacional Autonoma (MX),MX,2015,355454
Antonio Uras,Universite Claude Bernard-Lyon I (FR),FR,2015,355454
Antonio Carlos Oliveira Da Silva,Universidade de Sao Paulo (BR),BR,2015,355454
Arbin Timilsina,ISU,,2015,355454
Armando Puglisi,"INFN-LNS, University of Catania",,2015,355454
ARPAN DAS,"Institute of Physics, Bhubaneswar",,2015,355454
Arturo Fernandez Tellez,Autonomous University of Puebla (MX),MX,2015,355454
Asobu Suzuki,University of Tsukuba,,2015,355454
Astrid Morreale,Centre National de la Recherche Scientifique (FR),FR,2015,355454
Atsuro Ikeda,Osaka University,,2015,355454
Atsushi Nakamura,Osaka Univ,,2015,355454
Austin Baty,Massachusetts Inst. of Technology (US),US,2015,355454
Axel Drees,Stony Brook University,,2015,355454
Azwinndini Muronga,University of Johannesburg,,2015,355454
Baldo Sahlmueller,Johann-Wolfgang-Goethe Univ. (DE),DE,2015,355454
Barbara Betz,Goethe University Frankfurt,,2015,355454
Barbara Jacak,Lawrence Berkeley National Lab. (US),US,2015,355454
Barbara Trzeciak,Czech Technical University in Prague,,2015,355454
Barbara Krystyna Wosiek,Institute of Nuclear Physics Polish Academy of Sciences (PL),PL,2015,355454
Ben Meiring,University of Cape Town,,2015,355454
Ben-Wei Zhang,Institute of Particle Physics,,2015,355454
Bengt Friman,GSI,,2015,355454
Benjamin Doenigus,Johann-Wolfgang-Goethe Univ. (DE),DE,2015,355454
Berndt Mueller,Brookhaven National Laboratory,,2015,355454
Bertrand Ducloue,University of Jyvaskyla,,2015,355454
Biao Tu,Central China Normal University,,2015,355454
Bikash Sinha,"Variable Energy Cyclotron Centre, Kolkata, India",,2015,355454
Bin Wu,CEA-Saclay,,2015,355454
Bingchu Huang,University of Illinois at Chicago,,2015,355454
BingRan He,Nagoya Univ.,,2015,355454
Biswarup Paul,Saha Institute of Nuclear Physics (IN),IN,2015,355454
Bjoern Schenke,Brookhaven National Lab,,2015,355454
Bojana Blagojevic,"Institute of Physics, University of Belgrade",,2015,355454
Bong-Hwi Lim,Pusan National University (KR),KR,2015,355454
Boris Hippolyte,Institut Pluridisciplinaire Hubert Curien (FR),FR,2015,355454
Brant Johnson,Brookhaven National Laboratory,,2015,355454
Brennan Schaefer,Vanderbilt University,,2015,355454
Brigitte Cheynis,Universite Claude Bernard-Lyon I (FR),FR,2015,355454
Burkhard Kampfer,HZDR,,2015,355454
Byungsik Hong,Korea University (KR),KR,2015,355454
Caio Alves Garcia Prado,Universidade de Sao Paulo (BR),BR,2015,355454
Carlos Merino,University of Santiago de Compostela,,2015,355454
Carlos A. Salgado,Universidade de Santiago de Compostela (ES),ES,2015,355454
Carlos Eugenio Perez Lara,Stony Brook University,,2015,355454
Carsten Greiner,University of Frankfurt,,2015,355454
Carsten Klein,Johann-Wolfgang-Goethe Univ. (DE),DE,2015,355454
Catalin Ristea,University of Bucharest,,2015,355454
Charles Gale,McGill University,,2015,355454
CHI YANG,University of Science and Technology of China,,2015,355454
Chihiro Sasaki,FIAS & Uni of Wroclaw,,2015,355454
Chiho Nonaka,Nagoya University,,2015,355454
Chilo Garabatos Cuadrado,GSI - Helmholtzzentrum fur Schwerionenforschung GmbH (DE),DE,2015,355454
Christian Bourjau,University of Copenhagen (DK),DK,2015,355454
Christian Holm Christensen,University of Copenhagen (DK),DK,2015,355454
Christina Markert,University of Texas (US),US,2015,355454
Christoph Blume,Johann-Wolfgang-Goethe Univ. (DE),DE,2015,355454
Christopher Flores,"University of California, Davis",,2015,355454
Christopher Mc Ginn,Massachusetts Inst. of Technology (US),US,2015,355454
Christopher Plumberg,The Ohio State University,,2015,355454
Chun Shen,McGill University,,2015,355454
Chunbin Yang,Institute of Particle Physics,,2015,355454
Chunhui Zhang,Nikhef National institute for subatomic physics (NL),NL,2015,355454
Claudia Hoehne,University Giessen,,2015,355454
Claudia Ratti,University of Houston,,2015,355454
Colin Adcock,IOP Publishing,,2015,355454
Constantinos Loizides,Lawrence Berkeley National Lab. (US),US,2015,355454
Cristiane Jahnke,Universidade de Sao Paulo (BR),BR,2015,355454
Cristina Bedda,Politecnico e INFN Torino (IT),IT,2015,355454
Cristina Tuve,"Universita e INFN, Catania (IT)",IT,2015,355454
Cynthia Hadjidakis,CNRS / University of Paris-Sud 11 (FR),FR,2015,355454
Daicui Zhou,Central China Normal University CCNU (CN),CN,2015,355454
Daiki Sekihata,Hiroshima University (JP),JP,2015,355454
Daiki Suenaga,Nagoya University,,2015,355454
daimei zhou,iopp,,2015,355454
Daisuke Watanabe,University of Tsukuba (JP),JP,2015,355454
Daniel Cebra,"University of California, Davis",,2015,355454
Daniel Pablos,Universitat de Barcelona,,2015,355454
Daniil Gelfand,Vienna University of Technology,,2015,355454
Danut Argintaru,"Constanta Maritime University, Romania",,2015,355454
Darren McGlinchey,University of Colorado,,2015,355454
David Hofman,University of Illinois at Chicago (US),US,2015,355454
David Morrison,Brookhaven National Laboratory,,2015,355454
David Silvermyr,Lund University (SE),SE,2015,355454
David Zaslavsky,Central China Normal University,,2015,355454
David Michael Rohr,Frankfurt Institute for Advanced Studies,,2015,355454
DEBADEEPTI MISHRA,"NATIONAL INSTITUTE OF SCIENCE EDUCATION AND RESEARCH, INDIA",,2015,355454
Debojit Sarkar,Department of Atomic Energy (IN),IN,2015,355454
Deepa Thomas,University of Texas (US),US,2015,355454
Deepali Sharma,Stony Brook University,,2015,355454
Defu Hou,Central China Normal University,,2015,355454
Denes Molnar,Purdue University,,2015,355454
Dennis Bazow,The Ohio State University,,2015,355454
Dennis Perepelitsa,Brookhaven National Laboratory (US),US,2015,355454
Deqing Fang,"Shanghai Institute of Applied Physics, Chinese Academy of Sciences",,2015,355454
Derek Teaney,Stony Brook University,,2015,355454
Di-Lun Yang,RIKEN/University of Crete,,2015,355454
Dieter Roehrich,University of Bergen (NO),NO,2015,355454
Dinesh Srivastava,"Variable Energy Cyclotron Centre, Kolkata",,2015,355454
Dirk Rischke,University Frankfurt,,2015,355454
Dmitri Kharzeev,Stony Brook University,,2015,355454
Dmitri Peresunko,National Research Centre Kurchatov Institute (RU),RU,2015,355454
Dmytro Oliinychenko,FIAS,,2015,355454
Domenico Colella,Slovak Academy of Sciences (SK),SK,2015,355454
Domenico Elia,INFN Bari,,2015,355454
Dong Ho Moon,Chonnam National University (KR),KR,2015,355454
Douglas Wertepny,The Ohio State University,,2015,355454
Edgar Perez Lezama,Johann-Wolfgang-Goethe Univ. (DE),DE,2015,355454
Edmond Iancu,"CEA/IPhT,Centre d'etude de Saclay Gif-sur-Yvette (FR)",FR,2015,355454
Eduardo Fraga,Universidade Federal do Rio de Janeiro,,2015,355454
Eduardo Grossi,University of Florence & INFN Florence,,2015,355454
Eero Aleksi Kurkela,CERN & Univ. Stavanger,,2015,355454
Elena Bratkovskaya,"ITP and FIAS, Uni. Frankfurt",,2015,355454
Elena Petreska,"CPHT, Ecole Polytechnique",,2015,355454
Emilien Chapon,LLR - Ecole polytechnique,,2015,355454
Enke Wang,Institute of Particle Physics,,2015,355454
Enrico Scomparin,INFN Torino (IT),IT,2015,355454
Enrico Speranza,GSI and TU Darmstadt,,2015,355454
Ernst Sichtermann,Lawrence Berkeley National Laboratory,,2015,355454
Esther Bartsch,Johann-Wolfgang-Goethe Univ. (DE),DE,2015,355454
Evgeny Kryshen,CERN,,2015,355454
Evgeny Shulga,National Research Nuclear University MEPhI (RU),RU,2015,355454
Ewa Maksymiuk,Jan Kochanowski University,,2015,355454
Fabio Dominguez,Universidade de Santiago de Compostela,,2015,355454
"Fabio, Filippo Colamaria","University of Bary and INFN, Bari (IT)",IT,2015,355454
Federico Antinori,"Universita e INFN, Padova (IT)",IT,2015,355454
Feng Liu,Central China Normal University,,2015,355454
Filip Erhardt,University of Zagreb (HR),HR,2015,355454
Francesco Becattini,Unversity of Florence,,2015,355454
Francois Gelis,Institut de Physique Theorique,,2015,355454
Frank Geurts,Rice University (US),US,2015,355454
Frederique Grassi,Instituto de Física - Universidade de São Paulo,,2015,355454
Frithjof Karsch,Brookhaven National Laboratory,,2015,355454
Fuqiang Wang,Purdue University (US),US,2015,355454
Gabor Almasi,GSI - Helmholtzzentrum fur Schwerionenforschung GmbH,,2015,355454
Gabor David,Brookhaven National Laboratory,,2015,355454
Gabriel Denicol,McGill University,,2015,355454
Gaku Mitsuka,RIKEN BNL Research Center,,2015,355454
Ganesh Jagannath Tambave,University of Bergen (NO),NO,2015,355454
Gang Chen,China University of Geosciences,,2015,355454
Gang Wang,UCLA,,2015,355454
Garima Punetha,Kumaun University Nainital,,2015,355454
Geonhee Oh,Chonnam National University (KR),KR,2015,355454
Georg Wolschin,Heidelberg University,,2015,355454
George Fai,U.S. Department of Energy,,2015,355454
Gergely Fejos,Osaka University,,2015,355454
Gergely Gabor Barnafoldi,Wigner RCP Hungarian Academy of Sciences (HU),HU,2015,355454
Giacomo Contin,Lawrence Berkeley National Lab. (US),US,2015,355454
Gines Martinez-Garcia,Subatech (CNRS/IN2P3),,2015,355454
Giorgio Torrieri,"IFGW, Unicamp",,2015,355454
Giulia Manca,Laboratoire de l'Accelerateur Lineaire d'Orsay (FR),FR,2015,355454
Gokce Basar,"University of Maryland, College Park",,2015,355454
Goran Simatovic,University of Zagreb (HR),HR,2015,355454
Gordon Baym,University of Illinois,,2015,355454
Grazyna Odyniec,Lawrence Berkeley National laboratory,,2015,355454
Guang-You Qin,Central China Normal University,,2015,355454
Guannan Xie,LBNL/USTC,,2015,355454
Gunther Roland,Massachusetts Inst. of Technology (US),US,2015,355454
Guo-Liang Ma,"Shanghai INstitute of Applied Physics (SINAP), CAS",,2015,355454
Gustavo Conesa Balbastre,Centre National de la Recherche Scientifique (FR),FR,2015,355454
Guy Paic,Universidad Nacional Autonoma (MX),MX,2015,355454
Gyula Bencedi,Hungarian Academy of Sciences (HU),HU,2015,355454
Gábor Papp,Eötvös University,,2015,355454
Haavard Helstrup,Bergen University College (NO),NO,2015,355454
Haitao Zhang,Central China Normal University CCNU (CN),CN,2015,355454
Hamza Berrehrah,FIAS,,2015,355454
Hanna Grönqvist,"Institut de physique théorique, CEA Saclay",,2015,355454
Hannah Petersen,Frankfurt Institute for Advanced Studies,,2015,355454
Hans Martin Ljunggren,Lund University (SE),SE,2015,355454
Hanzhong Zhang,"IOPP, CCNU",,2015,355454
hao liu,Institute of High Energy Physics,,2015,355454
Hao Qiu,Lawrence Berkeley National Lab,,2015,355454
Harald Appelshaeuser,Johann-Wolfgang-Goethe Univ. (DE),DE,2015,355454
Harri Niemi,Johann Wolfgang Goethe-Universität,,2015,355454
Hector Bello Martinez,Autonomous University of Puebla (MX),MX,2015,355454
Heidi Schuldes,Goethe-University Frankfurt,,2015,355454
Henner Buesching,Johann-Wolfgang-Goethe Univ. (DE),DE,2015,355454
hidekazu tsukiji,"Yukawa Institute for Theoretical Physics, Kyoto University",,2015,355454
Hideki Hamagaki,University of Tokyo (JP),JP,2015,355454
Hidemitsu Asano,Kyoto University/RIKEN,,2015,355454
Hideo Suganuma,Kyoto University,,2015,355454
Hideto Enyo,Inst. of Physical and Chemical Research (JP),JP,2015,355454
Hidetoshi TAYA,The University of Tokyo,,2015,355454
Hikari Murakami,University of Tokyo (JP),JP,2015,355454
Hiroki Yamamoto,University of Tsukuba (JP),JP,2015,355454
Hiroki Yokoyama,University of Tsukuba (JP),JP,2015,355454
HIROMI HINOHARA,Sophia University,,2015,355454
Hiroshi Horii,University of Tokyo,,2015,355454
Hiroshi Masui,Central China Normal University,,2015,355454
Hiroshi Nakagomi,Tsukuba University/RIKEN,,2015,355454
Hiroshi Ohno,"Center for Computational Sciences, University of Tsukuba",,2015,355454
Hirotsugu Fujii,University of Tokyo,,2015,355454
Hiroyuki Sako,Japan Atomic Energy Agency,,2015,355454
Hong Ni,Vanderbilt University (US),US,2015,355454
Hongsheng Zhu,University of Bergen(NO) and Central China Normal University CCNU (CN),CN,2015,355454
Hua Pei,Central China Normal University CCNU (CN),CN,2015,355454
Huan Chen,China University of Geosciences (Wuhan),,2015,355454
Huan Zhong Huang,UCLA,,2015,355454
Hubert van Hecke,Los Alamos National Laboratory,,2015,355454
Hugo Denis Antonio Pereira Da Costa,"CEA/IRFU,Centre d'etude de Saclay Gif-sur-Yvette (FR)",FR,2015,355454
Huichao Song,Peking University,,2015,355454
HYUNGJOO KIM,Yonsei University,,2015,355454
Ian Bearden,"Niels Bohr Institiute, University of Copenhagen",,2015,355454
Igor Kozlov,McGill University,,2015,355454
Ilya Selyuzhenkov,GSI - Helmholtzzentrum fur Schwerionenforschung GmbH (DE),DE,2015,355454
In-Kwon Yoo,Pusan National University (KR),KR,2015,355454
Indranil Das,Saha Institute of Nuclear Physics (IN),IN,2015,355454
Ingvar Otterlund,Lund University (SE),SE,2015,355454
Ionut Cristian Arsene,University of Oslo (NO),NO,2015,355454
Irais Bautista Guzman,Autonomous University of Puebla (MX),MX,2015,355454
Isobel Kolbe,University of Cape Town,,2015,355454
itaru nakagawa,RIKEN,,2015,355454
Itzhak Tserruya,Weizmann Institute of Science (IL),IL,2015,355454
Iurii Karpenko,Frankfurt Institute for Advanced Studies,,2015,355454
Ivan Kisel,Johann-Wolfgang-Goethe Univ. (DE),DE,2015,355454
Ivan Vitev,Lis Alamos National Laboratory,,2015,355454
Iwona Grabowska-Bold,AGH University of Science and Technology (PL),PL,2015,355454
Jacopo Ghiglieri,Universitaet Bern (CH),CH,2015,355454
Jacquelyn Noronha-Hostler,Columbia University,,2015,355454
Jaehyeon Do,Yonsei university,,2015,355454
James Brandenburg,Rice University,,2015,355454
James Dunlop,Brookhaven National Laboratory,,2015,355454
James Lawrence Nagle,University of Colorado,,2015,355454
Jan Rak,University of Jyvaskyla (FI),FI,2015,355454
Jan Fiete Grosse-Oetringhaus,CERN,,2015,355454
Jan M. Pawlowski,University of Heidelberg,,2015,355454
Jason Bryslawskyj,"City University of New York, Graduate Center, Baruch College",,2015,355454
Jasper van der Maarel,Utrecht University,,2015,355454
Jean-Francois Paquet,McGill University,,2015,355454
Jean-Paul Blaizot,CEA,,2015,355454
Jean-Yves Ollitrault,CNRS,,2015,355454
Jeffery Mitchell,Brookhaven National Laboratory,,2015,355454
Jens-Jorgen Gaardhoeje,University of Copenhagen (DK),DK,2015,355454
Jeremy Wilkinson,Ruprecht-Karls-Universitaet Heidelberg (DE),DE,2015,355454
ji xu,Central China Normal University/Lawrence Berkeley National Laboratory,,2015,355454
Jian Sun,Purdue University (US),US,2015,355454
Jiangyong Jia,State University of New York (US),US,2015,355454
Jianhui Zhu,SUBATECH (FR) & CCNU (CN),CN,2015,355454
Jianwei Qiu,Brookhaven National Lab,,2015,355454
Jiechen Xu,Columbia University,,2015,355454
Jihye Song,Pusan National University (KR),KR,2015,355454
Jim Sowinski,Department of Energy,,2015,355454
Jin Hee Yoon,Inha University (KR),KR,2015,355454
Jin-Yi Pang,National Taiwan University,,2015,355454
Jinfeng Liao,Indiana University,,2015,355454
Jingyi Chao,"Institute of Modern Physics, CAS",,2015,355454
Jiri Dolejsi,Charles University (CZ),CZ,2015,355454
Joachim Stroth,Johann-Wolfgang-Goethe Univ. (DE),DE,2015,355454
Jochen Thaeder,LBNL,,2015,355454
Jochen Wambach,TU-Darmstadt and GSI,,2015,355454
joerg aichelin,Subatech/CNRS,,2015,355454
Johanna Stachel,Ruprecht-Karls-Universitaet Heidelberg (DE),DE,2015,355454
Johannes Weyrich,Technical University Darmstadt,,2015,355454
John Haggerty,Brookhaven National Laboratory,,2015,355454
John Hill,Iowa State University,,2015,355454
John William Harris,Yale University (US),US,2015,355454
Jonah Bernhard,Duke University,,2015,355454
Jorge Casalderrey Solana,University of Barcelona (ES),ES,2015,355454
Jorge Noronha,Columbia University/University of Sao Paulo,,2015,355454
Joseph Kapusta,University of Minnesota (US),US,2015,355454
Jovan Milosevic,"Vinca Institute of Nuclear Sciences, University of Belgrade",,2015,355454
Ju Hwan Kang,Yonsei University (KR),KR,2015,355454
Julia Velkovska,Vanderbilt University (US),US,2015,355454
Julius Gronefeld,GSI - Helmholtzzentrum fur Schwerionenforschung GmbH (DE),DE,2015,355454
Jurgen Schukraft,CERN,,2015,355454
Jussi Auvinen,Duke University,,2015,355454
Kanako Yamazaki-Gelis,IPhT / Riken,,2015,355454
Kang Seog Lee,Chonnam National University,,2015,355454
Karel Safarik,CERN,,2015,355454
Katarína Gajdošová,FNSPE CTU in Prague,,2015,355454
Kathryn Meehan,UC Davis,,2015,355454
Kazuhiko Kamikado,Riken,,2015,355454
Kazuhiro Watanabe,Central China Normal University,,2015,355454
Kazuhisa Okamoto,Nagoya University,,2015,355454
Kazunori Itakura,KEK,,2015,355454
Kazuya Aoki,"IPNS, KEK",,2015,355454
Kazuya Mameda,The University of Tokyo,,2015,355454
Kazuya Nagashima,Hiroshima University,,2015,355454
Kazuya Nishiyama,Kyoto university,,2015,355454
Kazuya Tarunaga,Hiroshima University (JP),JP,2015,355454
Kazuyuki Kanaya,University of Tsukuba,,2015,355454
Kei Suzuki,RIKEN,,2015,355454
Ken Oyama,Nagasaki Inst. of Applied Science (JP),JP,2015,355454
Kenichi Nagai,Sophia university,,2015,355454
Kenji Araki,Tokyo Institute of Technology,,2015,355454
Kenji Fukushima,The University of Tokyo,,2015,355454
Kenji Morita,"Yukawa Institute for Theoretical Physics, Kyoto University",,2015,355454
Kensuke Homma,Hiroshima University,,2015,355454
Kenta Shigaki,Hiroshima University (JP),JP,2015,355454
Kevin Dusling,Physical Review Letters,,2015,355454
Khaled Teilab,"Institut für Theoretische Physik, Goethe-University Frankfurt",,2015,355454
Kie Sang Jeong,"Department of physics, Yonsei University",,2015,355454
Kiminad Mamo,University of Illinois at Chicago,,2015,355454
KINKAR SAHA,BOSE INSTITUTE,,2015,355454
Kisoo Lee,Korea University (KR),KR,2015,355454
Klaus Reygers,Ruprecht-Karls-Universitaet Heidelberg (DE),DE,2015,355454
Kohei Terasaki,University of Tokyo (JP),JP,2015,355454
Koichi Hattori,RIKEN-BNL Research Center,,2015,355454
Koichi Murase,The University of Tokyo,,2015,355454
Koichi Yazaki,RIKEN,,2015,355454
Koji Hashimoto,Osaka university,,2015,355454
Koji Kawaguchi,Sophia university,,2015,355454
Konrad Tywoniuk,Universitat de Barcelona,,2015,355454
Kosei Yamakawa,Hiroshima University (JP),JP,2015,355454
Kota Masuda,The Univ. of Tokyo / RIKEN,,2015,355454
Kouji Kashiwa,"Yukawa Institute for Theoretical Physics, Kyoto University",,2015,355454
Kristjan Gulbrandsen,University of Copenhagen (DK),DK,2015,355454
Krzysztof Redlich,University of Wroclaw (PL),PL,2015,355454
Kun Jiang,University of Science and Technology of China & Purdue University,,2015,355454
Kunsu Oh,Pusan National University (KR),KR,2015,355454
Kurt Jung,Purdue University (US),US,2015,355454
Kyoichiro Ozawa,"High Energy Accelerator Resarch Institute, KEK, IPNS",,2015,355454
Lais Ozelin De Lima Pimentel,University of Copenhagen (DK),DK,2015,355454
Larry McLerran,BNL,,2015,355454
Laszlo Pal Csernai,University of Bergen\ Ferdowsi U. of Mashhad,,2015,355454
Laura Havener,Columbia University (US),US,2015,355454
Leonardo Tinti,Jan Kochanowski University,,2015,355454
Leszek Kosarzewski,Warsaw University of Technology,,2015,355454
Leticia Cunqueiro Mendez,CERN,,2015,355454
Leticia Palhares,UERJ,,2015,355454
Li Yan,CNRS,,2015,355454
Liang He,Purdue University,,2015,355454
Liao Song,University of Houston,,2015,355454
Lijia Jiang,Peking University,,2015,355454
Lijuan Ruan,Brookhaven National Laboratory,,2015,355454
Liliana Apolinario,Instituto Superior Tecnico (PT),PT,2015,355454
Liudmila Malinina,Joint Inst. for Nuclear Research (RU) & SINP MSU (RU),RU,2015,355454
Livio Bianchi,University of Houston (US),US,2015,355454
Liwen Wen,UCLA,,2015,355454
Long Zhou,USTC && BNL,,2015,355454
LongGang Pang,"Frankfurt Institute for Advanced Studies, Goethe University",,2015,355454
Lucia Leardini,Ruprecht-Karls-Universitaet Heidelberg (DE),DE,2015,355454
Ludwik Turko,University of Wroclaw (PL),PL,2015,355454
Lukasz Kamil Graczykowski,Warsaw University of Technology (PL),PL,2015,355454
Ma Long,Shanghai Institute of Applied Physics,,2015,355454
Maciej Pawel Szymanski,Warsaw University of Technology (PL),PL,2015,355454
Madhukar Mishra,"Birla Institute of Technology and Science Pilani, Pilani Campus",,2015,355454
Magdalena Djordjevic,Institute of Physics Belgrade,,2015,355454
Maja Katarzyna Mackowiak-Pawlowska,Warsaw University of Technology (PL),PL,2015,355454
Malgorzata Anna Janik,Warsaw University of Technology (PL),PL,2015,355454
Manuel Calderon De La Barca Sanchez,University of California Davis (US),US,2015,355454
Maowu Nie,Shanghai Institute of Applied Physics (SINAP),,2015,355454
Marco Leoncino,University of Turin and INFN (IT),IT,2015,355454
Marco Ruggieri,"Physics and Astronomy Department, Catania University",,2015,355454
Marcus Bluhm,North Carolina State University,,2015,355454
Marek Chojnacki,University of Copenhagen (DK),DK,2015,355454
Maria Nicassio,GSI - Helmholtzzentrum fur Schwerionenforschung GmbH (DE),DE,2015,355454
Maria Zurita,Universidade de Santiago de Compostela,,2015,355454
Maria Paola Lombardo,INFN,,2015,355454
Markus K. Koehler,Weizmann Institute of Science (IL),IL,2015,355454
Marlene Nahrgang,Duke University,,2015,355454
Martin Rybar,Univ. Illinois at Urbana-Champaign (US),US,2015,355454
Martin Lothar Purschke,Brookhaven National Laboratory (US),US,2015,355454
Marzia Rosati,Iowa State University,,2015,355454
Masahiro Hirano,University of Tsukuba (JP),JP,2015,355454
Masahiro Ishii,Kyushu University,,2015,355454
Masakiyo Kitazawa,Osaka University,,2015,355454
Masaru Hongo,The University of Tokyo,,2015,355454
Masaru Shibata,Kyoto University,,2015,355454
Masayuki Asakawa,Osaka University,,2015,355454
Mathis Habich,University of Colorado Boulder,,2015,355454
Matthew Luzum,Universidade de Santiago de Compostela,,2015,355454
Matthew Nguyen,Ecole Polytechnique (FR),FR,2015,355454
Maxime Guilbaud,Rice University (US),US,2015,355454
Maximilian Attems,UB,,2015,355454
Maximiliano Puccio,Universita e INFN Torino (IT),IT,2015,355454
maya shimomura,Nara Women's University,,2015,355454
MD NASIM,"University of California, Los Angeles",,2015,355454
Megumi Naruki,Kyoto Univ.,,2015,355454
Melynda Brooks,Los Alamos National Laboratory,,2015,355454
Mesut Arslandok,Johann-Wolfgang-Goethe Univ. (DE),DE,2015,355454
Michael Clark,Columbia University (US),US,2015,355454
Michael Lomnitz,Kent State University,,2015,355454
Michael McCumber,Los Alamos National Laboratory,,2015,355454
Michael Murray,University of Kansas (US),US,2015,355454
Michael Strickland,Kent State University,,2015,355454
Michael Tannenbaum,Brookhaven National Laboratory (US),US,2015,355454
Michal Krelina,"FNSPE, Czech Technical University in Prague",,2015,355454
Michal Sumbera,Acad. of Sciences of the Czech Rep. (CZ),CZ,2015,355454
Miguel Angel ESCOBEDO ESPINOSA,"Institut de Physique Théorique, Saclay, CNRS-CEA",,2015,355454
Mihael Makek,"Faculty of Science, University of Zagreb",,2015,355454
Mihee Jo,Ecole Polytechnique,,2015,355454
Mike Lisa,Ohio State University (US),US,2015,355454
Miki Sakaida,Osaka University,,2015,355454
Miklos Gyulassy,Columbia University,,2015,355454
Min Jung Kweon,Inha University (KR),KR,2015,355454
Ming Liu,Los Alamos National Laboratory,,2015,355454
Mingliang Zhou,State University of New York (US),US,2015,355454
Minjung Kim,Inha University (KR),KR,2015,355454
Mirko Planinic,University of Zagreb (HR),HR,2015,355454
Miroslav Simko,Nuclear Physics Institute of the Czech Academy of Sciences,,2015,355454
Misha Stephanov,University of Illinois at Chicago,,2015,355454
Mohammed Younus,Bose Institute,,2015,355454
Mohd Danish Azmi,Aligarh Muslim University,,2015,355454
Motoi Inaba,Tsukuba University of Technology,,2015,355454
Motoi Tachibana,Saga University,,2015,355454
Muhammad Usman Ashraf,Tsinghua University,,2015,355454
Mustafa Mustafa,Lawrence Berkeley National Laboratory,,2015,355454
Myunggeun Song,Yonsei University (KR),KR,2015,355454
Nada Ezzelarab,"Eygypt Center for Theoritical Physics (ECTP), Modern Univ. (MTI)",MTI,2015,355454
Naghmeh Mohammadi,Nikhef National institute for subatomic physics (NL),NL,2015,355454
Naoki Yamamoto,Keio University,,2015,355454
Naoto Tanaka,University of Tsukuba (JP),JP,2015,355454
Naoto Tanji,Heidelberg University,,2015,355454
Natasha Sharma,University of Tennessee,,2015,355454
NEERAJ GUPTA,"GOVT. COLLEGE FOR WOMEN, PARADE, Jammu",,2015,355454
Neha Shah,Shanghai Institute of Applied Physics,,2015,355454
Nestor Armesto Perez,Universidade de Santiago de Compostela (ES),ES,2015,355454
Nicolas Borghini,University of Bielefeld,,2015,355454
Nicole Apadula,Iowa State University,,2015,355454
NIHAR SAHOO,Texas A&M University,,2015,355454
Nikola Poljak,University of Zagreb,,2015,355454
Ning Yu,Central China Normal University,,2015,355454
Ning-Bo Chang,Central China Normal University (CCNU),,2015,355454
Nirbhay Kumar Behera,Inha University,,2015,355454
Norbert Novitzky,Stony Brook University,,2015,355454
Nu Xu,LBNL,,2015,355454
Olena Linnyk,University of Giessen,,2015,355454
Olga Evdokimov,University of Illinois at Chicago (US),US,2015,355454
Oliver Busch,University of Tsukuba (JP),JP,2015,355454
Pablo Morales,The University of Tokyo,,2015,355454
Panos Christakoglou,Nikhef National institute for subatomic physics (NL),NL,2015,355454
Paolo Giubellino,Universita e INFN Torino (IT),IT,2015,355454
Paolo Giuseppe Alba,University of Turin,,2015,355454
Pasi Huovinen,Goethe-Universität,,2015,355454
Pasquale Di Nezza,Istituto Nazionale Fisica Nucleare (IT),IT,2015,355454
Patrick Simon Reichelt,Johann-Wolfgang-Goethe Univ. (DE),DE,2015,355454
Paul Chesler,Harvard,,2015,355454
Paul Romatschke,"University of Colorado, Boulder",,2015,355454
Paul Springer,Technische Universität München,,2015,355454
Paul Stankus,Oak Ridge National Laboratory - (US),US,2015,355454
Paul Christoph Batzing,University of Oslo (NO),NO,2015,355454
Peng Huo,State University of New York (US),US,2015,355454
Pengfei Zhuang,Tsinghua University,,2015,355454
Peter Braun-Munzinger,GSI - Helmholtzzentrum fur Schwerionenforschung GmbH (DE),DE,2015,355454
Peter Jacobs,Lawrence Berkeley National Lab. (US),US,2015,355454
Peter Levai,MTA Wigner RCP,,2015,355454
Peter Petreczky,BNL,,2015,355454
Petra Riedler,CERN,,2015,355454
Philipp Luettig,Johann-Wolfgang-Goethe Univ. (DE),DE,2015,355454
Pierre Moreau,"HGS-HIRe, Goethe-Universität Frankfurt am Main",,2015,355454
Piotr Bozek,AGH University of Science and Technology,,2015,355454
Pok Man Lo,University of Wroclaw,,2015,355454
Pol Gossiaux,Subatech,,2015,355454
Pornrad Srisawad,Naresuan University,,2015,355454
Prabhakar Palni,"Institute of Particle Physics, Central China Normal University",,2015,355454
Prakhar Garg,Indian Institute of Technology Indore (IN),IN,2015,355454
Prasad Hegde,Central China Normal University,,2015,355454
Prashanth Shanmuganathan,"Kent State University, USA",,2015,355454
Qiang Li,Brookhaven National Laboratory,,2015,355454
Qiao Xu,Vanderbilt University (US),US,2015,355454
Qipeng Hu,University of Science and Technology of China (CN),CN,2015,355454
Qiye Shou,Central China Normal University (CN),CN,2015,355454
Quan Wang,University of Kansas (US),US,2015,355454
Rachid Guernane,Centre National de la Recherche Scientifique (FR),FR,2015,355454
Radoslaw Ryblewski,Institute of Nuclear Physics PAN,,2015,355454
Raghunath Sahoo,Indian Institute of Technology Indore (IN),IN,2015,355454
Raimond Snellings,Nikhef National institute for subatomic physics (NL),NL,2015,355454
Rainer Fries,Texas A&M University,,2015,355454
Rajeev Bhalerao,TIFR,,2015,355454
Rajiv V Gavai,Tata Institute of Fundamental Research,,2015,355454
Raju Venugopalan,Brookhaven National Laboratory,,2015,355454
Ralf Averbeck,GSI - Helmholtzzentrum fur Schwerionenforschung GmbH (DE),DE,2015,355454
Ramona Lea,"Universita e INFN, Trieste (IT)",IT,2015,355454
Ramona Vogt,LLNL,,2015,355454
Rashmi Raniwala,University of Rajasthan (IN),IN,2015,355454
Rasmus Larsen,Stony Brook University,,2015,355454
Razieh Morad,University of Cape Town (ZA),ZA,2015,355454
Redmer Alexander Bertens,Nikhef National institute for subatomic physics (NL),NL,2015,355454
Rene Bellwied,University of Houston (US),US,2015,355454
Renu Bala,University of Jammu (IN),IN,2015,355454
Riccardo Russo,Universita e INFN Torino (IT),IT,2015,355454
Richard Petti,Brookhaven National Lab,,2015,355454
Robert Pisarski,Brookhaven National Lab.,,2015,355454
Roberta Arnaldi,INFN Torino (Italy),,2015,355454
Roberto Preghenella,CERN,,2015,355454
Roli Esha,University of California - Los Angeles,,2015,355454
Roman Pasechnik,Lund University,,2015,355454
Rongrong Ma,Brookhaven National Laboratory,,2015,355454
Roy Alphanso Lacey,State University of New York (US),US,2015,355454
Russell Betts,University of Illinois at Chicago (US),US,2015,355454
Ryo IWAMI,Niigata Univ.,,2015,355454
Ryo Yoshiike,Kyoto university,,2015,355454
Ryuichi Kurita,Univ. of Tokyo,,2015,355454
Sadataka Furui,Teikyo University,,2015,355454
Sakiko Kudo,University of Tsukuba (JP),JP,2015,355454
Salvatore Plumari,University of Catania (Italy),,2015,355454
Sandra S. Padula,UNESP - Universidade Estadual Paulista (BR),BR,2015,355454
Sangwook Ryu,McGill University,,2015,355454
Sangyong Jeon,McGill University,,2015,355454
Sanjin Benic,Tokyo University,,2015,355454
Satoshi Yano,Hiroshima University (JP),JP,2015,355454
Satoshi Yokkaichi,Inst. of Physical and Chemical Research (JP),JP,2015,355454
Sayantan Sharma,Brookhaven National Laboratory,,2015,355454
Schin Date',Japan Synchrotron Radiation Research Center,,2015,355454
Scott Moreland,Duke University,,2015,355454
Sergei Voloshin,Wayne State University (US),US,2015,355454
Sergey Petrushanko,M.V. Lomonosov Moscow State University (RU),RU,2015,355454
Seyoung Han,Ewha womans university / RIKEN,,2015,355454
Shabir Bhat,"University of Kashmir, Srinagar J&K India",,2015,355454
Shanshan Cao,Lawrence Berkeley National Lab,,2015,355454
Shenghui Zhang,University of Science and Technology of China(USTC),,2015,355454
shengli huang,Vanderbilt University,,2015,355454
Shengquan Tuo,Vanderbilt University (US),US,2015,355454
Shi Pu,"Institute for Theoretical Physics, Goethe University Frankfurt am Main",,2015,355454
Shigehiro Yasui,Tokyo Institute of Technology,,2015,355454
Shingo Sakai,Istituto Nazionale Fisica Nucleare Frascati (IT),IT,2015,355454
Shinichi Esumi,University of Tsukuba (JP),JP,2015,355454
Shinichi Hayashi,University of Tokyo (JP),JP,2015,355454
Shinji Ejiri,Niigata University,,2015,355454
Shintaro Karasawa,Kyoto university,,2015,355454
Shiori Takeuchi,Sophia University,,2015,355454
Shoichiro Tsutsui,Kyoto University,,2015,355454
Shoji Nagamiya,RIKEN,,2015,355454
Shuai Yang,University of Science and Technology of China,,2015,355454
Shuguang Zou,Central China Normal University,,2015,355454
Shusu Shi,CCNU,,2015,355454
Silvia Masciocchi,GSI - Helmholtzzentrum fur Schwerionenforschung GmbH (DE),DE,2015,355454
Simone Schuchmann,Goethe-University of Frankfurt,,2015,355454
SMRUTI PATEL,"Sardar Patel University, Gujarat, India-388120",,2015,355454
Soeren Schlichting,Brookhaven National Lab,,2015,355454
Song Zhang,"Shanghai Institute of Applied Physics, CAS",,2015,355454
Sonia Rajput,University of Jammu (IN),IN,2015,355454
Sooraj Krishnan Radhakrishnan,State University of New York (US),US,2015,355454
Soumya Mohapatra,Columbia University (US),US,2015,355454
Srikanta Kumar Tripathy,Institute Of Physics,,2015,355454
Stefan Floerchinger,CERN,,2015,355454
Stefano Trogolo,Universita e INFN Torino (IT),IT,2015,355454
Steffen A. Bass,Duke University,,2015,355454
Stephen Horvat,Yale University,,2015,355454
Su Houng Lee,Yonsei University,,2015,355454
SUBHASIS SAMANTA,BOSE INSTITUTE,,2015,355454
Subrata Pal,Tata Institute of Fundamental Research,,2015,355454
Sudhir Raniwala,University of Rajasthan (IN),IN,2015,355454
Sudipa Upadhaya,Bose Institute,,2015,355454
Sungtae Cho,Kangwon National University,,2015,355454
susumu sato,JAEA,,2015,355454
Swagato Mukherjee,Brookhaven National Laboratory,,2015,355454
Szabolcs Borsanyi,University of Wuppertal,,2015,355454
Taebong Moon,Yonsei University,,2015,355454
Taekwang KIM,Osaka University,,2015,355454
Takafumi Niida,Wayne State University,,2015,355454
Takahiro Doi,Japan/Kyoto University,,2015,355454
Takahiro Miyoshi,Hiroshima University (JP),JP,2015,355454
Takao Sakaguchi,BNL,,2015,355454
Takashi Hachiya,RIKEN,,2015,355454
Takashi Sako,Nagoya University (JP),JP,2015,355454
Takeru Yokota,Kyoto University,,2015,355454
Takeshi Kodama,Universidade Federal do Rio de Janeiro,,2015,355454
Taku Gunji,University of Tokyo (JP),JP,2015,355454
Takuya Suzuki,Waseda University (JP),JP,2015,355454
Tan Luo,Central China Normal University,,2015,355454
Tapan Nayak,Department of Atomic Energy (IN),IN,2015,355454
Tatsuya Chujo,University of Tsukuba (JP),JP,2015,355454
tatsuyuki takatsuka,RIKEN,,2015,355454
Teiji Kunihiro,"Departmento of Physics, Kyoto University",,2015,355454
Tetsufumi Hirano,Sophia Univ,,2015,355454
Tetsuo Hatsuda,RIKEN,,2015,355454
Tetsuo Matsui,The Open University of Japan,,2015,355454
Theo Broker,Johann-Wolfgang-Goethe Univ. (DE),DE,2015,355454
Thomas Peitzmann,Utrecht University,,2015,355454
Timo Scheib,Goethe University Frankfurt,,2015,355454
Tingting Wang,Columbia University (US),US,2015,355454
Tiziano Virgili,"Università e INFN, Salerno (IT)",IT,2015,355454
Tomas Kosek,Charles University (CZ),CZ,2015,355454
Tomoya Hoshino,Hiroshima University (JP),JP,2015,355454
Tong-Gyu Lee,Kyoto University,,2015,355454
Torsten Dahms,Technische Universitaet Muenchen (DE),DE,2015,355454
Toru Kojo,"University of Illinois, Urbana-Champaign",,2015,355454
Toru Nagashima,Rikkyo University,,2015,355454
Toru Sugitate,Hiroshima University (JP),JP,2015,355454
Toshitaka Tatsumi,Kyoto U.,,2015,355454
Trambak Bhattacharyya,IIT Indore,,2015,355454
Tsubasa Okubo,Hiroshima University (JP),JP,2015,355454
Tuomas Lappi,University of Jyvaskyla,,2015,355454
Tyler Gorda,University of Colorado at Boulder,,2015,355454
Ulrich Heinz,The Ohio State University,,2015,355454
Umme Jamil Begum,"Debraj Roy College, Golaghat, Assam, India",,2015,355454
Umut Gursoy,Utrecht University,,2015,355454
Urs Wiedemann,CERN,,2015,355454
Valentina Zaccolo,University of Copenhagen (DK),DK,2015,355454
Valerica Baban,Constanta Maritime University,,2015,355454
Vera Loggins,University of Illinois Urbana Champaign,,2015,355454
Veronica Canoa Roman,.,,2015,355454
Victoria Greene,Vanderbilt University (US),US,2015,355454
Viktor Begun,Jan Kochanowski University,,2015,355454
Vincenzo Greco,University of Catania,,2015,355454
Vipul Bairathi,National Institute of Science Education and Research,,2015,355454
Virendrasinh Kher,"Polytechnic, The M. S. University of Baroda",,2015,355454
Vladimir Kekelidze,Joint Inst. for Nuclear Research (RU),RU,2015,355454
Vytautas Vislavicius,Lund University (SE),SE,2015,355454
W.J. Llope,Wayne State University,,2015,355454
WEI CHEN,CCNU,,2015,355454
Wei Li,Rice University (US),US,2015,355454
Wei Li,Shanghai Institute of Applied Physics,,2015,355454
Wei Xie,Purdue University (US),US,2015,355454
Wei-Tian Deng,Huazhong University of Science and Technology,,2015,355454
Weiyao Ke,Duke University,,2015,355454
Wilke van der Schee,MIT,,2015,355454
William Horowitz,University of Cape Town,,2015,355454
William Zajc,Columbia University,,2015,355454
Wit Busza,Massachusetts Inst. of Technology (US),US,2015,355454
Wladyslaw Henryk Trzaska,University of Jyvaskyla (FI),FI,2015,355454
Xiaochun He,Georgia State University,,2015,355454
Xiaofeng Luo,Central China Normal University,,2015,355454
Xiaoming Zhang,Lawrence Berkeley National Lab. (US),US,2015,355454
Xiaowen Ren,Central China Normal University CCNU (CN),CN,2015,355454
Xiaozhi Bai,University of Illinois at Chicago,,2015,355454
Xin Dong,Lawrence Berkeley National Lab,,2015,355454
Xin-Nian Wang,Central China Normal Univ/Lawrence Berkeley National Lab,,2015,355454
Xingyu Guo,"Department of Physics, Tsinghua University",,2015,355454
Xu Cai,Central China Normal University CCNU (CN),CN,2015,355454
Xu-Guang Huang,Fudan University,,2015,355454
Yacine Mehtar-Tani,"INT, University of Washington",,2015,355454
Yan Wu,China University of Geosciences,,2015,355454
Yang-Ting Chien,Los Alamos National Laboratory,,2015,355454
Yaping Wang,Central China Normal University CCNU (CN),CN,2015,355454
Yasser Corrales Morales,Universita e INFN Torino (IT),IT,2015,355454
Yasuki Tachibana,"Nishina Center, RIKEN",,2015,355454
Yasushi Nara,Akita International University,,2015,355454
Yasushi Watanabe,RIKEN,,2015,355454
Yasuyuki Akiba,RIKEN,,2015,355454
Yaxian Mao,Central China Normal University CCNU (CN),CN,2015,355454
Yayun He,Central China Normal University CCNU (CN),CN,2015,355454
Yen-Jie Lee,Massachusetts Inst. of Technology (US),US,2015,355454
Yingru Xu,Duke University,,2015,355454
Yonghong Zhang,Central China Normal University CCNU (CN),CN,2015,355454
Yongsun Kim,Korea University (KR),KR,2015,355454
Yorito Yamaguchi,Stony Brook University,,2015,355454
Yoshimasa Hidaka,RIKEN,,2015,355454
Yoshitaka Hatta,Japan/Yukawa Institute,,2015,355454
Yosuke Ueda,Hiroshima University,,2015,355454
Yosuke Watanabe,University of Tokyo (JP),JP,2015,355454
You Zhou,Niels Bohr Institute (DK),DK,2015,355454
Yu Maezawa,"Yukawa Institute for Theoretical Physics, Kyoto University",,2015,355454
Yu-Gang Ma,"Shanghai Institute of Applied Physics, Chinese Academy of Sciences",,2015,355454
Yuji Goto,RIKEN,,2015,355454
Yuji Hirono,Stony Brook University,,2015,355454
Yukinao Akamatsu,Stony Brook University,,2015,355454
Yuko Sekiguchi,University of Tokyo (JP),JP,2015,355454
Yun Tian,Columbia University (US),US,2015,355454
Yuncun He,Hubei University,,2015,355454
Yuri Kharlov,Institute for High Energy Physics (RU),RU,2015,355454
Yusuke Fukuda,University of Tsukuba (JP),JP,2015,355454
Yusuke Taniguchi,University of Tsukuba,,2015,355454
Yuta Kikuchi,Kyoto University,,2015,355454
Yuya Tanizaki,The University of Tokyo,,2015,355454
Yves Schutz,IN2P3 (FR) and CERN,,2015,355454
Zachary Rowan,"CUNY Graduate School, Baruch College",,2015,355454
Zaida Conesa del Valle,CNRS/IN2P3 - Universite de Paris-Sud 11,,2015,355454
Zebo Tang,University of Science and Technology of China,,2015,355454
Zhangbu Xu,Brookhaven National Laboratory,,2015,355454
Zhao Zhang,North China Electric Power Universiy,,2015,355454
Zhenwei Yang,Tsinghua University (CN),CN,2015,355454
Zhenyan Lu,University of Chinese academy of sciences,,2015,355454
Zhenyu Chen,Rice University (US),US,2015,355454
Zhoudunming Tu,Rice University (US),US,2015,355454
Zi-Wei Lin,ECU,,2015,355454
Ziyue Wang,Tsinghua University,,2015,355454
Zuman Zhang,Central China Normal University CCNU (CN) and Univ. Blaise Pascal Clermont-Fe. II (FR),FR,2015,355454
Zuzana Feckova,Pavol Jozef Safarik University,,2015,355454
